Adj Close,Close,High,Low,Open,Volume
GOOG,GOOG,GOOG,GOOG,GOOG,GOOG
1168.3900146484375,1168.3900146484375,1186.8900146484375,1163.199951171875,1177.030029296875,1479900
1181.4100341796875,1181.4100341796875,1183.47998046875,1171.0,1176.7099609375,1068900
1211.3800048828125,1211.3800048828125,1213.0400390625,1191.530029296875,1191.530029296875,1408100
1204.9300537109375,1204.9300537109375,1212.0150146484375,1202.52197265625,1208.1300048828125,1072100
1204.4100341796875,1204.4100341796875,1220.0,1192.6199951171875,1204.0,1471900
1206.0,1206.0,1210.0,1194.5799560546875,1195.1500244140625,1260100
1220.1700439453125,1220.1700439453125,1222.5999755859375,1202.199951171875,1203.4100341796875,1307000
1234.25,1234.25,1241.8599853515625,1223.02001953125,1224.300048828125,1725900
1239.56005859375,1239.56005859375,1240.8800048828125,1227.010009765625,1231.3499755859375,1301400
1231.300048828125,1231.300048828125,1239.56005859375,1225.6099853515625,1229.52001953125,1053300
1229.1500244140625,1229.1500244140625,1235.0,1223.68994140625,1230.4000244140625,955100
1232.4100341796875,1232.4100341796875,1235.6099853515625,1216.530029296875,1227.510009765625,1135100
1238.7099609375,1238.7099609375,1244.43994140625,1232.02001953125,1232.06005859375,996000
1229.9300537109375,1229.9300537109375,1243.3199462890625,1223.0799560546875,1233.1199951171875,2270000
1234.030029296875,1234.030029296875,1239.0899658203125,1224.1700439453125,1226.0,1062400
1218.760009765625,1218.760009765625,1246.739990234375,1210.6800537109375,1240.0,1583200
1246.52001953125,1246.52001953125,1248.300048828125,1210.0899658203125,1215.8199462890625,1453000
1241.3900146484375,1241.3900146484375,1245.0,1232.2679443359375,1241.9599609375,1538000
1225.0899658203125,1225.0899658203125,1244.02001953125,1214.449951171875,1243.010009765625,1353900
1219.0,1219.0,1226.0,1212.300048828125,1220.969970703125,1404100
1205.0999755859375,1205.0999755859375,1231.22998046875,1203.5799560546875,1219.0,1273500
1176.6300048828125,1176.6300048828125,1196.97998046875,1171.2900390625,1196.97998046875,1615100
1187.8299560546875,1187.8299560546875,1189.06005859375,1162.4300537109375,1180.0,1621200
1209.0,1209.0,1211.43994140625,1189.1700439453125,1191.8900146484375,1162400
1207.6800537109375,1207.6800537109375,1218.2039794921875,1203.75,1204.4000244140625,842900
1189.1300048828125,1189.1300048828125,1206.0799560546875,1189.010009765625,1197.5899658203125,1039300
1202.31005859375,1202.31005859375,1208.3499755859375,1197.6300048828125,1199.3499755859375,867700
1208.6700439453125,1208.6700439453125,1215.0,1197.3399658203125,1198.5799560546875,846600
1215.449951171875,1215.449951171875,1228.3900146484375,1213.739990234375,1222.2099609375,1272700
1217.1400146484375,1217.1400146484375,1226.3299560546875,1211.760009765625,1212.3399658203125,867500
1243.010009765625,1243.010009765625,1247.3299560546875,1220.4000244140625,1220.4000244140625,1381700
1243.6400146484375,1243.6400146484375,1254.739990234375,1238.449951171875,1241.1700439453125,1094600
1253.0699462890625,1253.0699462890625,1263.324951171875,1249.93994140625,1250.9300537109375,952400
1245.489990234375,1245.489990234375,1258.8900146484375,1241.0799560546875,1253.4599609375,1352800
1246.1500244140625,1246.1500244140625,1254.6290283203125,1240.5999755859375,1252.260009765625,1027200
1242.800048828125,1242.800048828125,1250.5999755859375,1241.3800048828125,1247.8499755859375,1023800
1259.1300048828125,1259.1300048828125,1259.8900146484375,1242.3599853515625,1242.3599853515625,911500
1260.989990234375,1260.989990234375,1264.0,1253.7149658203125,1260.9000244140625,1028100
1265.1300048828125,1265.1300048828125,1269.5999755859375,1250.010009765625,1251.030029296875,1213100
1290.0,1290.0,1299.31005859375,1272.5400390625,1275.449951171875,2613200
1262.6199951171875,1262.6199951171875,1281.5899658203125,1257.2120361328125,1276.22998046875,1886400
1261.2900390625,1261.2900390625,1269.3599853515625,1252.0,1252.969970703125,1408900
1260.1099853515625,1260.1099853515625,1267.6700439453125,1250.843017578125,1261.280029296875,1455700
1273.739990234375,1273.739990234375,1274.6199951171875,1260.5,1265.0,1670100
1291.3699951171875,1291.3699951171875,1294.1300048828125,1276.35498046875,1276.449951171875,1501000
1292.030029296875,1292.030029296875,1298.9300537109375,1291.22900390625,1292.8900146484375,1282700
1291.800048828125,1291.800048828125,1293.72998046875,1282.5,1289.4599609375,1153000
1308.8599853515625,1308.8599853515625,1323.739990234375,1294.2449951171875,1294.280029296875,2030000
1311.3699951171875,1311.3699951171875,1318.0,1304.364990234375,1305.280029296875,1251400
1299.18994140625,1299.18994140625,1306.425048828125,1297.4100341796875,1303.1800537109375,1011900
1298.800048828125,1298.800048828125,1310.0,1295.77001953125,1300.0,1085900
1298.0,1298.0,1304.300048828125,1293.510009765625,1294.0699462890625,826700
1311.4599609375,1311.4599609375,1317.0,1295.6500244140625,1297.5,1193500
1334.8699951171875,1334.8699951171875,1334.8800048828125,1314.280029296875,1318.93994140625,1782600
1320.699951171875,1320.699951171875,1335.529052734375,1317.5,1332.219970703125,1487400
1315.4599609375,1315.4599609375,1327.699951171875,1312.800048828125,1327.699951171875,1269200
1303.050048828125,1303.050048828125,1315.0,1291.1500244140625,1311.739990234375,1308600
1301.3499755859375,1301.3499755859375,1312.5899658203125,1293.0,1301.47998046875,995500
1295.3399658203125,1295.3399658203125,1308.72998046875,1291.4100341796875,1305.6199951171875,1385700
1306.68994140625,1306.68994140625,1311.31005859375,1298.1300048828125,1299.1800537109375,1036200
1313.550048828125,1313.550048828125,1314.800048828125,1305.0899658203125,1309.8599853515625,1069700
1312.989990234375,1312.989990234375,1318.3599853515625,1309.6300048828125,1315.0,995600
1304.9599609375,1304.9599609375,1310.2049560546875,1303.969970703125,1307.1199951171875,587000
1289.9200439453125,1289.9200439453125,1305.8299560546875,1281.0,1301.0,1510900
1295.280029296875,1295.280029296875,1298.4610595703125,1279.0,1279.5699462890625,1143800
1320.5400390625,1320.5400390625,1325.800048828125,1304.8699951171875,1307.010009765625,1537500
1328.1300048828125,1328.1300048828125,1329.3580322265625,1316.43994140625,1328.0,1212700
1340.6199951171875,1340.6199951171875,1344.0,1333.43994140625,1333.43994140625,1314800
1343.56005859375,1343.56005859375,1359.449951171875,1337.8399658203125,1338.0400390625,1354300
1344.6600341796875,1344.6600341796875,1349.9749755859375,1336.0400390625,1341.5,1094100
1345.02001953125,1345.02001953125,1351.199951171875,1342.6700439453125,1350.8399658203125,850400
1350.27001953125,1350.27001953125,1355.7750244140625,1340.5,1345.93994140625,1281000
1347.8299560546875,1347.8299560546875,1353.093017578125,1343.8699951171875,1347.949951171875,1549600
1361.1700439453125,1361.1700439453125,1364.6800537109375,1352.6700439453125,1356.5,1397300
1355.1199951171875,1355.1199951171875,1365.0,1351.322998046875,1362.8900146484375,1854000
1352.6199951171875,1352.6199951171875,1360.469970703125,1351.0,1356.5999755859375,1522600
1356.0400390625,1356.0400390625,1358.0999755859375,1348.9849853515625,1351.8199462890625,1469900
1349.5899658203125,1349.5899658203125,1363.6400146484375,1349.0,1363.3499755859375,3315000
1348.8399658203125,1348.8399658203125,1359.800048828125,1346.510009765625,1355.8699951171875,883100
1343.56005859375,1343.56005859375,1350.260009765625,1342.780029296875,1348.5,347500
1360.4000244140625,1360.4000244140625,1361.3270263671875,1344.469970703125,1346.1700439453125,667500
1351.8900146484375,1351.8900146484375,1364.530029296875,1349.31005859375,1362.989990234375,1038400
1336.1400146484375,1336.1400146484375,1353.0,1334.02001953125,1350.0,1050900
1337.02001953125,1337.02001953125,1338.0,1329.0849609375,1330.1099853515625,961800
1367.3699951171875,1367.3699951171875,1368.1400146484375,1341.550048828125,1341.550048828125,1406600
1360.6600341796875,1360.6600341796875,1372.5,1345.5439453125,1347.8599853515625,1186400
1394.2099609375,1394.2099609375,1396.5,1350.0,1350.0,1732300
1393.3399658203125,1393.3399658203125,1402.989990234375,1390.3800048828125,1397.93994140625,1502700
1404.3199462890625,1404.3199462890625,1411.5799560546875,1390.8399658203125,1392.0799560546875,1528000
1419.8299560546875,1419.8299560546875,1427.3299560546875,1410.27001953125,1420.5699462890625,1500900
1429.72998046875,1429.72998046875,1434.928955078125,1418.3499755859375,1427.56005859375,1820700
1439.22998046875,1439.22998046875,1440.52001953125,1426.02001953125,1436.1300048828125,1652300
1430.8800048828125,1430.8800048828125,1441.800048828125,1428.3699951171875,1439.010009765625,1558900
1439.199951171875,1439.199951171875,1441.39501953125,1430.2099609375,1430.2099609375,1282700
1451.699951171875,1451.699951171875,1451.989990234375,1440.9200439453125,1447.43994140625,1173700
1480.3900146484375,1480.3900146484375,1481.2950439453125,1458.219970703125,1462.9100341796875,2396200
1484.4000244140625,1484.4000244140625,1491.8499755859375,1471.199951171875,1479.1199951171875,2036700
1485.949951171875,1485.949951171875,1503.2139892578125,1484.9300537109375,1491.0,1610800
1486.6500244140625,1486.6500244140625,1495.52001953125,1482.0999755859375,1487.6400146484375,1351200
1466.7099609375,1466.7099609375,1495.4949951171875,1465.25,1493.5899658203125,1784600
1433.9000244140625,1433.9000244140625,1438.0699462890625,1421.199951171875,1431.0,1755200
1452.56005859375,1452.56005859375,1456.0,1432.469970703125,1443.0,1577400
1458.6300048828125,1458.6300048828125,1465.4300537109375,1446.739990234375,1458.800048828125,1077700
1455.8399658203125,1455.8399658203125,1457.280029296875,1436.4000244140625,1439.9599609375,1339400
1434.22998046875,1434.22998046875,1470.1300048828125,1428.530029296875,1468.9000244140625,2417200
1485.93994140625,1485.93994140625,1490.0,1458.989990234375,1462.0,3036800
1447.0699462890625,1447.0699462890625,1469.5,1426.300048828125,1457.0699462890625,3933000
1448.22998046875,1448.22998046875,1463.8399658203125,1430.56005859375,1462.4200439453125,1986200
1476.22998046875,1476.22998046875,1482.0,1449.5699462890625,1450.3299560546875,1679400
1479.22998046875,1479.22998046875,1485.8399658203125,1466.3499755859375,1467.300048828125,1172300
1508.6800537109375,1508.6800537109375,1509.5,1474.3199462890625,1474.3199462890625,1419900
1508.7900390625,1508.7900390625,1529.6300048828125,1505.637939453125,1511.81005859375,1344600
1518.27001953125,1518.27001953125,1520.6949462890625,1508.1099853515625,1514.47998046875,1167600
1514.6600341796875,1514.6600341796875,1527.1800537109375,1504.5999755859375,1512.68994140625,929500
1520.739990234375,1520.739990234375,1520.739990234375,1507.3399658203125,1515.5999755859375,1197800
1519.6700439453125,1519.6700439453125,1531.6300048828125,1512.5899658203125,1515.0,1120700
1526.68994140625,1526.68994140625,1532.10595703125,1521.4000244140625,1525.0699462890625,949300
1518.1500244140625,1518.1500244140625,1529.6400146484375,1506.8199462890625,1522.0,1096600
1485.1099853515625,1485.1099853515625,1512.2149658203125,1480.43994140625,1508.030029296875,1731700
1421.5899658203125,1421.5899658203125,1436.969970703125,1411.3900146484375,1426.1099853515625,2867100
1388.449951171875,1388.449951171875,1438.1400146484375,1382.4000244140625,1433.0,2478300
1393.1800537109375,1393.1800537109375,1415.699951171875,1379.0,1396.1400146484375,2202400
1318.0899658203125,1318.0899658203125,1371.7039794921875,1317.1700439453125,1362.06005859375,2978300
1339.3299560546875,1339.3299560546875,1341.1400146484375,1271.0,1277.5,3789100
1389.1099853515625,1389.1099853515625,1390.8699951171875,1326.81494140625,1351.6099853515625,2431500
1341.3900146484375,1341.3900146484375,1410.1500244140625,1332.0,1399.4200439453125,2402300
1386.52001953125,1386.52001953125,1388.0899658203125,1343.1099853515625,1359.22998046875,1913300
1319.0400390625,1319.0400390625,1358.9100341796875,1305.0999755859375,1350.199951171875,2561300
1298.4100341796875,1298.4100341796875,1306.219970703125,1261.050048828125,1277.06005859375,2660600
1215.56005859375,1215.56005859375,1254.760009765625,1200.0,1205.300048828125,3365400
1280.3900146484375,1280.3900146484375,1281.1500244140625,1218.77001953125,1260.0,2611400
1215.4100341796875,1215.4100341796875,1260.9599609375,1196.0699462890625,1249.699951171875,2608500
1114.9100341796875,1114.9100341796875,1193.8699951171875,1113.300048828125,1126.0,4226700
1219.72998046875,1219.72998046875,1219.760009765625,1117.1429443359375,1179.0,3700100
1084.3299560546875,1084.3299560546875,1152.2669677734375,1074.43994140625,1096.0,4252400
1119.800048828125,1119.800048828125,1130.8599853515625,1056.010009765625,1093.1099853515625,3861500
1096.800048828125,1096.800048828125,1106.5,1037.280029296875,1056.510009765625,4233400
1115.2900390625,1115.2900390625,1157.969970703125,1060.1080322265625,1093.050048828125,3651100
1072.3199462890625,1072.3199462890625,1143.989990234375,1065.489990234375,1135.719970703125,3601800
1056.6199951171875,1056.6199951171875,1071.3199462890625,1013.5360107421875,1061.3199462890625,4044100
1134.4599609375,1134.4599609375,1135.0,1090.6199951171875,1103.77001953125,3344500
1102.489990234375,1102.489990234375,1148.9000244140625,1086.010009765625,1126.469970703125,4081500
1161.75,1161.75,1169.969970703125,1093.530029296875,1111.800048828125,3571700
1110.7099609375,1110.7099609375,1150.6700439453125,1105.9100341796875,1125.6700439453125,3208500
1146.8199462890625,1146.8199462890625,1151.6300048828125,1096.47998046875,1125.0400390625,2574100
1162.81005859375,1162.81005859375,1175.31005859375,1138.1400146484375,1147.300048828125,2486400
1105.6199951171875,1105.6199951171875,1129.68994140625,1097.449951171875,1122.0,2344200
1120.8399658203125,1120.8399658203125,1126.8599853515625,1096.4000244140625,1098.260009765625,1964900
1097.8800048828125,1097.8800048828125,1123.5400390625,1079.81005859375,1119.0150146484375,2313400
1186.9200439453125,1186.9200439453125,1194.6600341796875,1130.93994140625,1138.0,2664700
1186.510009765625,1186.510009765625,1225.0,1182.22998046875,1221.0,2387300
1210.280029296875,1210.280029296875,1219.0699462890625,1188.1600341796875,1206.5,1975100
1211.449951171875,1211.449951171875,1225.5699462890625,1196.7349853515625,1224.0799560546875,2175400
1217.56005859375,1217.56005859375,1220.510009765625,1187.5980224609375,1209.1800537109375,1739800
1269.22998046875,1269.22998046875,1282.0699462890625,1236.9300537109375,1245.0899658203125,2470400
1262.469970703125,1262.469970703125,1280.4599609375,1240.4000244140625,1245.6099853515625,1671700
1263.469970703125,1263.469970703125,1279.0,1242.6199951171875,1274.0999755859375,2518100
1283.25,1283.25,1294.4300537109375,1271.22998046875,1284.8499755859375,1949000
1266.6099853515625,1266.6099853515625,1281.5999755859375,1261.3699951171875,1271.0,1695500
1216.3399658203125,1216.3399658203125,1254.27001953125,1209.7099609375,1247.0,2153000
1263.2099609375,1263.2099609375,1285.613037109375,1242.0,1245.5400390625,2092400
1276.31005859375,1276.31005859375,1293.31005859375,1265.6700439453125,1271.550048828125,1566200
1279.31005859375,1279.31005859375,1280.4000244140625,1249.449951171875,1261.1700439453125,1639600
1275.8800048828125,1275.8800048828125,1296.1500244140625,1269.0,1296.0,1600600
1233.6700439453125,1233.6700439453125,1288.050048828125,1232.199951171875,1287.9300537109375,2951300
1341.47998046875,1341.47998046875,1359.989990234375,1325.3399658203125,1341.4599609375,3793600
1348.6600341796875,1348.6600341796875,1352.8199462890625,1322.489990234375,1324.8800048828125,2668900
1320.6099853515625,1320.6099853515625,1352.0699462890625,1311.0,1328.5,2072500
1326.800048828125,1326.800048828125,1327.6600341796875,1299.0,1308.22998046875,1504000
1351.1099853515625,1351.1099853515625,1373.93994140625,1337.4599609375,1337.9200439453125,1651500
1347.300048828125,1347.300048828125,1371.1199951171875,1347.2900390625,1361.68994140625,1215400
1372.56005859375,1372.56005859375,1377.5999755859375,1355.27001953125,1365.93994140625,1397600
1388.3699951171875,1388.3699951171875,1398.760009765625,1375.47998046875,1383.1300048828125,1386900
1403.260009765625,1403.260009765625,1416.530029296875,1377.1519775390625,1378.280029296875,1412100
1375.739990234375,1375.739990234375,1415.0,1374.77001953125,1407.1199951171875,1390600
1349.3299560546875,1349.3299560546875,1385.4820556640625,1328.4000244140625,1377.050048828125,1812600
1356.1300048828125,1356.1300048828125,1357.4200439453125,1323.9100341796875,1335.02001953125,1603100
1373.18994140625,1373.18994140625,1374.47998046875,1339.0,1350.0,1707700
1383.93994140625,1383.93994140625,1392.324951171875,1354.25,1361.75,1822400
1373.4849853515625,1373.4849853515625,1392.0,1373.4849853515625,1386.9969482421875,1280600
1406.719970703125,1406.719970703125,1410.4200439453125,1387.25,1389.5799560546875,1655400
1402.800048828125,1402.800048828125,1415.489990234375,1393.449951171875,1408.0,1385000
1410.4200439453125,1410.4200439453125,1412.760009765625,1391.8299560546875,1396.7099609375,1309400
1417.02001953125,1417.02001953125,1441.0,1412.1300048828125,1437.27001953125,2060600
1417.8399658203125,1417.8399658203125,1421.739990234375,1391.2900390625,1417.25,1685800
1416.72998046875,1416.72998046875,1440.8399658203125,1396.0,1396.8599853515625,1692200
1428.9200439453125,1428.9200439453125,1432.5699462890625,1413.3499755859375,1416.93994140625,1820900
1431.8199462890625,1431.8199462890625,1437.9599609375,1418.0,1418.3900146484375,1217100
1439.219970703125,1439.219970703125,1439.6099853515625,1418.8299560546875,1430.550048828125,1278100
1436.3800048828125,1436.3800048828125,1446.552001953125,1429.7769775390625,1438.300048828125,1256200
1412.1800537109375,1412.1800537109375,1438.9599609375,1404.72998046875,1430.4000244140625,1484300
1438.3900146484375,1438.3900146484375,1445.050048828125,1406.0,1413.1700439453125,1734900
1446.6099853515625,1446.6099853515625,1447.989990234375,1422.3399658203125,1422.3399658203125,1404200
1456.1600341796875,1456.1600341796875,1468.0,1443.2099609375,1445.3599853515625,1409200
1465.8499755859375,1465.8499755859375,1474.259033203125,1456.27001953125,1459.5400390625,1525200
1403.8399658203125,1403.8399658203125,1454.4749755859375,1402.0,1442.47998046875,1991300
1413.1800537109375,1413.1800537109375,1437.0,1386.02001953125,1428.489990234375,1946400
1419.8499755859375,1419.8499755859375,1424.800048828125,1387.9200439453125,1390.800048828125,1503900
1442.719970703125,1442.719970703125,1455.02001953125,1425.9000244140625,1445.219970703125,1709200
1451.1199951171875,1451.1199951171875,1460.0,1431.3800048828125,1447.1600341796875,1549600
1435.9599609375,1435.9599609375,1451.4100341796875,1427.010009765625,1449.1600341796875,1581900
1431.719970703125,1431.719970703125,1447.800048828125,1421.3499755859375,1444.0,3157900
1451.8599853515625,1451.8599853515625,1452.75,1423.2099609375,1429.0,1542400
1464.4100341796875,1464.4100341796875,1475.9410400390625,1445.239990234375,1455.6400146484375,1429800
1431.969970703125,1431.969970703125,1475.4200439453125,1429.75,1461.510009765625,1756000
1441.3299560546875,1441.3299560546875,1442.9000244140625,1420.0,1429.9000244140625,1230500
1359.9000244140625,1359.9000244140625,1433.449951171875,1351.989990234375,1431.3900146484375,4267700
1394.969970703125,1394.969970703125,1395.5999755859375,1347.010009765625,1358.1800537109375,1810200
1413.6099853515625,1413.6099853515625,1418.6500244140625,1383.9599609375,1390.43994140625,2042400
1438.0400390625,1438.0400390625,1443.0,1409.8199462890625,1411.0999755859375,1775200
1464.699951171875,1464.699951171875,1482.949951171875,1446.4200439453125,1446.93994140625,1859100
1495.699951171875,1495.699951171875,1506.5899658203125,1472.8599853515625,1480.06005859375,1564000
1485.1800537109375,1485.1800537109375,1516.800048828125,1483.550048828125,1490.0,1458200
1496.0,1496.0,1505.8800048828125,1485.6300048828125,1494.3199462890625,1249700
1510.989990234375,1510.989990234375,1522.719970703125,1488.0849609375,1506.449951171875,1423300
1541.739990234375,1541.739990234375,1543.8299560546875,1496.5400390625,1506.1500244140625,1856300
1511.3399658203125,1511.3399658203125,1577.1319580078125,1505.2430419921875,1550.0,1846400
1520.5799560546875,1520.5799560546875,1522.949951171875,1483.5,1490.31005859375,1585000
1513.6400146484375,1513.6400146484375,1535.3299560546875,1498.0,1523.1300048828125,1610700
1518.0,1518.0,1518.68994140625,1486.31005859375,1500.0,1519300
1515.550048828125,1515.550048828125,1523.43994140625,1498.4200439453125,1521.6199951171875,1456700
1565.719970703125,1565.719970703125,1570.2900390625,1503.5999755859375,1515.260009765625,1557300
1558.4200439453125,1558.4200439453125,1586.989990234375,1554.280029296875,1586.989990234375,1216200
1568.489990234375,1568.489990234375,1570.0,1546.0999755859375,1560.5,932000
1515.6800537109375,1515.6800537109375,1571.8699951171875,1507.3919677734375,1566.969970703125,1627600
1511.8699951171875,1511.8699951171875,1517.635986328125,1488.4000244140625,1498.9300537109375,1544000
1530.199951171875,1530.199951171875,1540.969970703125,1515.2099609375,1515.5999755859375,1246000
1500.3399658203125,1500.3399658203125,1526.47998046875,1497.6600341796875,1525.1800537109375,1702200
1522.02001953125,1522.02001953125,1531.251953125,1501.3299560546875,1506.3199462890625,1106500
1531.449951171875,1531.449951171875,1537.8699951171875,1492.219970703125,1497.0,1671400
1482.9599609375,1482.9599609375,1508.949951171875,1454.030029296875,1505.010009765625,3439900
1474.449951171875,1474.449951171875,1490.469970703125,1465.6400146484375,1486.6400146484375,2330200
1464.969970703125,1464.969970703125,1485.56005859375,1458.6500244140625,1476.5699462890625,1903500
1473.6099853515625,1473.6099853515625,1482.4100341796875,1463.4599609375,1469.300048828125,1979500
1500.0999755859375,1500.0999755859375,1502.3900146484375,1466.0,1471.75,1995400
1494.489990234375,1494.489990234375,1516.844970703125,1481.6400146484375,1500.0,1577800
1496.0999755859375,1496.0999755859375,1504.074951171875,1473.0799560546875,1487.1800537109375,1289300
1480.3199462890625,1480.3199462890625,1510.0,1478.0,1492.43994140625,1454400
1506.6199951171875,1506.6199951171875,1512.385986328125,1485.25,1485.5799560546875,1437000
1518.449951171875,1518.449951171875,1537.25,1508.0050048828125,1510.3399658203125,1455200
1507.72998046875,1507.72998046875,1521.9000244140625,1502.8800048828125,1515.6600341796875,1354800
1517.97998046875,1517.97998046875,1525.6099853515625,1507.969970703125,1514.6700439453125,1378300
1558.5999755859375,1558.5999755859375,1562.469970703125,1523.7099609375,1526.1800537109375,2027100
1547.530029296875,1547.530029296875,1573.6800537109375,1543.949951171875,1553.31005859375,1660600
1581.75,1581.75,1585.8699951171875,1538.199951171875,1543.449951171875,1706900
1580.4200439453125,1580.4200439453125,1597.719970703125,1568.0050048828125,1577.030029296875,1446500
1588.199951171875,1588.199951171875,1614.1700439453125,1580.5699462890625,1593.97998046875,1409900
1608.219970703125,1608.219970703125,1611.6199951171875,1582.0699462890625,1582.0699462890625,2247100
1652.3800048828125,1652.3800048828125,1659.219970703125,1603.5999755859375,1608.0,3993400
1634.3299560546875,1634.3299560546875,1655.0,1625.75,1653.6800537109375,1861600
1644.4100341796875,1644.4100341796875,1647.1700439453125,1630.75,1633.489990234375,1499000
1634.1800537109375,1634.1800537109375,1647.9649658203125,1630.31005859375,1647.8900146484375,1823400
1660.7099609375,1660.7099609375,1665.72998046875,1632.219970703125,1636.6300048828125,1825300
1728.280029296875,1728.280029296875,1733.1800537109375,1666.3299560546875,1673.7750244140625,2511200
1641.8399658203125,1641.8399658203125,1709.7139892578125,1615.06005859375,1709.7139892578125,3107800
1591.0400390625,1591.0400390625,1645.1099853515625,1547.613037109375,1624.260009765625,2608600
1532.3900146484375,1532.3900146484375,1563.864990234375,1528.010009765625,1533.510009765625,2610900
1556.9599609375,1556.9599609375,1569.0,1536.051025390625,1557.530029296875,1774700
1532.02001953125,1532.02001953125,1584.0810546875,1525.8050537109375,1560.6400146484375,1618600
1520.719970703125,1520.719970703125,1575.199951171875,1497.3599853515625,1536.0,1597100
1519.280029296875,1519.280029296875,1564.0,1515.739990234375,1539.0050048828125,1696600
1541.43994140625,1541.43994140625,1559.5699462890625,1531.8349609375,1536.0,1331100
1520.9000244140625,1520.9000244140625,1562.0,1519.8199462890625,1555.5400390625,1311700
1495.530029296875,1495.530029296875,1508.2979736328125,1470.0,1496.0,1879800
1459.989990234375,1459.989990234375,1503.0030517578125,1437.1300048828125,1498.010009765625,3103900
1431.1600341796875,1431.1600341796875,1448.3599853515625,1406.550048828125,1440.06005859375,2888800
1465.4599609375,1465.4599609375,1469.52001953125,1434.530029296875,1450.0899658203125,1583200
1415.2099609375,1415.2099609375,1460.9599609375,1407.699951171875,1458.780029296875,1657400
1428.2900390625,1428.2900390625,1443.708984375,1409.8499755859375,1411.030029296875,1450200
1444.9599609375,1444.9599609375,1450.0,1413.3399658203125,1432.6300048828125,1323000
1464.52001953125,1464.52001953125,1476.800048828125,1449.301025390625,1474.2099609375,2007900
1469.3299560546875,1469.3299560546875,1476.6629638671875,1458.8050537109375,1470.3900146484375,978200
1469.5999755859375,1469.5999755859375,1489.75,1459.8800048828125,1466.800048828125,1701600
1490.0899658203125,1490.0899658203125,1499.0400390625,1479.2099609375,1484.27001953125,1779500
1458.4200439453125,1458.4200439453125,1483.199951171875,1450.9200439453125,1462.030029296875,1284100
1486.02001953125,1486.02001953125,1488.2099609375,1464.27001953125,1466.2099609375,1113300
1453.43994140625,1453.43994140625,1486.760009765625,1448.5899658203125,1475.5799560546875,1245400
1460.2900390625,1460.2900390625,1468.9599609375,1436.0,1464.2900390625,1746200
1485.9300537109375,1485.9300537109375,1490.0,1465.0899658203125,1465.0899658203125,1187800
1515.219970703125,1515.219970703125,1516.52001953125,1489.449951171875,1494.699951171875,1435300
1569.1500244140625,1569.1500244140625,1593.8599853515625,1532.5699462890625,1543.0,2482600
1571.6800537109375,1571.6800537109375,1590.0,1563.199951171875,1583.72998046875,1601000
1568.0799560546875,1568.0799560546875,1587.6839599609375,1550.530029296875,1578.5899658203125,1929300
1559.1300048828125,1559.1300048828125,1575.10498046875,1545.030029296875,1547.1500244140625,1540000
1573.010009765625,1573.010009765625,1581.1300048828125,1563.0,1565.8499755859375,1434700
1534.6099853515625,1534.6099853515625,1588.1500244140625,1528.0,1580.4599609375,1607100
1555.9300537109375,1555.9300537109375,1577.5,1525.6700439453125,1527.050048828125,2241700
1593.31005859375,1593.31005859375,1618.72998046875,1571.6300048828125,1573.3299560546875,2568300
1615.3299560546875,1615.3299560546875,1621.989990234375,1585.0,1593.050048828125,1433600
1641.0,1641.0,1642.3599853515625,1620.510009765625,1626.0699462890625,1375800
1590.449951171875,1590.449951171875,1638.239990234375,1576.5,1625.010009765625,1853300
1604.260009765625,1604.260009765625,1606.844970703125,1582.780029296875,1595.6700439453125,1229000
1516.6199951171875,1516.6199951171875,1561.3499755859375,1514.6199951171875,1559.739990234375,1834000
1567.239990234375,1567.239990234375,1593.7099609375,1522.239990234375,1522.3599853515625,2003100
1621.010009765625,1621.010009765625,1687.0,1604.4599609375,1672.1099853515625,4329100
1626.030029296875,1626.030029296875,1660.77001953125,1616.030029296875,1628.1600341796875,2535400
1650.2099609375,1650.2099609375,1661.699951171875,1616.6199951171875,1631.780029296875,1661700
1749.1300048828125,1749.1300048828125,1771.364990234375,1706.030029296875,1710.280029296875,3570900
1763.3699951171875,1763.3699951171875,1793.6400146484375,1750.510009765625,1781.0,2065800
1761.75,1761.75,1772.4300537109375,1740.3499755859375,1753.949951171875,1660900
1763.0,1763.0,1818.06005859375,1760.02001953125,1790.9000244140625,2268300
1740.3900146484375,1740.3900146484375,1763.0,1717.300048828125,1731.0899658203125,2636100
1752.7099609375,1752.7099609375,1764.219970703125,1747.364990234375,1750.0,1264000
1749.8399658203125,1749.8399658203125,1768.27001953125,1745.5999755859375,1747.6300048828125,1247500
1777.02001953125,1777.02001953125,1781.0400390625,1744.550048828125,1757.6300048828125,1499900
1781.3800048828125,1781.3800048828125,1799.0699462890625,1767.68994140625,1771.699951171875,1246800
1770.1500244140625,1770.1500244140625,1785.0,1767.0,1776.93994140625,1147100
1746.780029296875,1746.780029296875,1773.469970703125,1746.1400146484375,1765.22998046875,1173500
1763.9200439453125,1763.9200439453125,1769.5899658203125,1737.0050048828125,1738.3800048828125,1249900
1742.18994140625,1742.18994140625,1774.0,1741.8599853515625,1765.2099609375,2313500
1734.8599853515625,1734.8599853515625,1753.9000244140625,1717.719970703125,1749.5999755859375,2161600
1768.8800048828125,1768.8800048828125,1771.5999755859375,1727.68994140625,1730.5,1578000
1771.4300537109375,1771.4300537109375,1778.5400390625,1756.5400390625,1772.8900146484375,1045800
1793.18994140625,1793.18994140625,1804.0,1772.43994140625,1773.0899658203125,884900
1760.739990234375,1760.739990234375,1788.06494140625,1755.0,1781.1839599609375,1823800
1798.0999755859375,1798.0999755859375,1824.8299560546875,1769.3699951171875,1774.3699951171875,1736900
1827.949951171875,1827.949951171875,1835.6500244140625,1789.4730224609375,1798.0999755859375,1222000
1826.77001953125,1826.77001953125,1847.199951171875,1822.6500244140625,1824.010009765625,1227300
1827.989990234375,1827.989990234375,1833.1600341796875,1816.989990234375,1824.52001953125,1378200
1819.47998046875,1819.47998046875,1832.3699951171875,1805.780029296875,1819.0,1320900
1818.550048828125,1818.550048828125,1821.9000244140625,1796.2049560546875,1810.0999755859375,1096300
1784.1300048828125,1784.1300048828125,1834.27001953125,1767.81005859375,1812.010009765625,1507600
1775.3299560546875,1775.3299560546875,1781.31005859375,1740.3199462890625,1769.800048828125,1362800
1781.77001953125,1781.77001953125,1784.449951171875,1760.0,1763.06005859375,1220700
1760.06005859375,1760.06005859375,1797.3900146484375,1757.2149658203125,1775.0,1600200
1767.77001953125,1767.77001953125,1771.4200439453125,1749.949951171875,1764.4200439453125,1482300
1763.0,1763.0,1773.0,1756.0799560546875,1772.8800048828125,1513500
1747.9000244140625,1747.9000244140625,1771.7840576171875,1738.6600341796875,1768.510009765625,1624700
1731.010009765625,1731.010009765625,1755.1099853515625,1720.219970703125,1754.1800537109375,4016400
1739.3699951171875,1739.3699951171875,1740.8499755859375,1699.0,1713.510009765625,1828400
1723.5,1723.5,1737.405029296875,1712.574951171875,1734.4300537109375,936700
1732.3800048828125,1732.3800048828125,1747.989990234375,1725.0400390625,1728.1099853515625,1033800
1738.8499755859375,1738.8499755859375,1746.0,1729.1099853515625,1735.0,346800
1776.0899658203125,1776.0899658203125,1790.72802734375,1746.3349609375,1751.635009765625,1393000
1758.719970703125,1758.719970703125,1792.43994140625,1756.0899658203125,1787.7900390625,1299400
1739.52001953125,1739.52001953125,1765.094970703125,1725.5999755859375,1762.010009765625,1306100
1751.8800048828125,1751.8800048828125,1758.9300537109375,1735.4200439453125,1735.4200439453125,1011900
1728.239990234375,1728.239990234375,1760.6500244140625,1707.8499755859375,1757.5400390625,1901900
1740.9200439453125,1740.9200439453125,1747.6700439453125,1718.0150146484375,1725.0,1145300
1735.2900390625,1735.2900390625,1748.0,1699.0,1702.6300048828125,2602100
1787.25,1787.25,1788.4000244140625,1737.050048828125,1740.06005859375,2265000
1807.2099609375,1807.2099609375,1809.8399658203125,1773.5350341796875,1787.97998046875,2050600
1766.719970703125,1766.719970703125,1794.31494140625,1760.52001953125,1786.0699462890625,1209700
1746.550048828125,1746.550048828125,1778.0400390625,1725.31005859375,1753.9200439453125,1357000
1754.4000244140625,1754.4000244140625,1765.0350341796875,1738.010009765625,1738.5799560546875,1094100
1740.1800537109375,1740.1800537109375,1775.010009765625,1733.4000244140625,1753.6199951171875,1179500
1736.18994140625,1736.18994140625,1756.0,1721.550048828125,1738.18994140625,1342200
1790.8599853515625,1790.8599853515625,1809.2750244140625,1741.4599609375,1752.25,1734600
1886.9000244140625,1886.9000244140625,1903.7099609375,1825.530029296875,1831.4599609375,2490300
1891.25,1891.25,1934.8599853515625,1887.1099853515625,1898.0,2063900
1901.050048828125,1901.050048828125,1910.949951171875,1881.760009765625,1895.6800537109375,1272100
1899.4000244140625,1899.4000244140625,1929.5799560546875,1867.530029296875,1920.6700439453125,1927300
1917.239990234375,1917.239990234375,1925.0,1884.2449951171875,1888.8399658203125,1313100
1830.7900390625,1830.7900390625,1890.0,1809.0,1882.530029296875,2748300
1863.1099853515625,1863.1099853515625,1898.8299560546875,1842.6400146484375,1843.93994140625,1773100
1835.739990234375,1835.739990234375,1857.280029296875,1810.199951171875,1846.1700439453125,1612600
1901.3499755859375,1901.3499755859375,1922.3919677734375,1850.9300537109375,1853.5699462890625,1602200
1927.510009765625,1927.510009765625,1955.760009765625,1914.489990234375,1922.56005859375,2273700
2070.070068359375,2070.070068359375,2116.5,2018.3800048828125,2073.0,4118200
2062.3701171875,2062.3701171875,2078.550048828125,2042.5899658203125,2068.889892578125,1852300
2098.0,2098.0,2102.510009765625,2059.330078125,2070.0,1535100
2092.909912109375,2092.909912109375,2123.547119140625,2072.0,2105.909912109375,1241900
2083.510009765625,2083.510009765625,2105.1298828125,2078.5400390625,2078.5400390625,889900
2095.3798828125,2095.3798828125,2108.3701171875,2063.090087890625,2094.2099609375,1135500
2095.889892578125,2095.889892578125,2102.030029296875,2077.320068359375,2099.510009765625,945700
2104.110107421875,2104.110107421875,2108.820068359375,2083.1298828125,2090.25,855700
2121.89990234375,2121.89990234375,2152.679931640625,2104.360107421875,2104.360107421875,1133800
2128.31005859375,2128.31005859375,2133.659912109375,2098.919921875,2100.0,1070900
2117.199951171875,2117.199951171875,2132.735107421875,2103.7099609375,2110.389892578125,1121600
2101.139892578125,2101.139892578125,2130.530029296875,2097.409912109375,2119.27001953125,1457400
2064.8798828125,2064.8798828125,2091.419921875,2062.139892578125,2067.0,1367500
2070.860107421875,2070.860107421875,2082.010009765625,2002.02001953125,2025.010009765625,1667400
2095.169921875,2095.169921875,2100.780029296875,2038.1300048828125,2041.8299560546875,1248300
2031.3599853515625,2031.3599853515625,2094.8798828125,2021.2900390625,2067.449951171875,1828400
2036.8599853515625,2036.8599853515625,2071.010009765625,2016.06005859375,2050.52001953125,2083500
2081.510009765625,2081.510009765625,2086.52001953125,2046.0999755859375,2056.52001953125,1404500
2075.840087890625,2075.840087890625,2104.3701171875,2071.260009765625,2076.18994140625,1134600
2026.7099609375,2026.7099609375,2088.51806640625,2010.0,2067.2099609375,1484200
2049.090087890625,2049.090087890625,2089.239990234375,2020.27001953125,2023.3699951171875,2118000
2108.5400390625,2108.5400390625,2118.110107421875,2046.4150390625,2073.1201171875,2195200
2024.1700439453125,2024.1700439453125,2128.81005859375,2021.6099853515625,2101.1298828125,1647400
2052.699951171875,2052.699951171875,2078.0400390625,2047.8299560546875,2070.0,1697300
2055.030029296875,2055.030029296875,2075.0,2033.3699951171875,2071.760009765625,1268600
2114.77001953125,2114.77001953125,2125.699951171875,2072.3798828125,2074.06005859375,1239100
2061.919921875,2061.919921875,2090.260009765625,2047.550048828125,2085.0,1725800
2066.489990234375,2066.489990234375,2067.06005859375,2043.510009765625,2062.300048828125,1298100
2092.52001953125,2092.52001953125,2123.56005859375,2070.0,2078.989990234375,1491600
2091.080078125,2091.080078125,2109.780029296875,2054.0,2076.030029296875,1299000
2036.219970703125,2036.219970703125,2075.5,2033.550048828125,2061.0,1361400
2043.199951171875,2043.199951171875,2053.10009765625,2017.6800537109375,2042.050048828125,2314900
2038.5899658203125,2038.5899658203125,2057.989990234375,2026.0699462890625,2041.8399658203125,1954800
2052.9599609375,2052.9599609375,2072.302001953125,2039.219970703125,2051.699951171875,1367000
2045.06005859375,2045.06005859375,2078.2099609375,2041.5550537109375,2065.3701171875,1154000
2044.3599853515625,2044.3599853515625,2058.8701171875,2010.72998046875,2044.81005859375,1418900
2035.550048828125,2035.550048828125,2050.989990234375,2014.02001953125,2038.8599853515625,1493500
2055.949951171875,2055.949951171875,2058.429931640625,2015.6199951171875,2027.8800048828125,1229800
2055.5400390625,2055.5400390625,2070.780029296875,2044.030029296875,2057.6298828125,1036600
2068.6298828125,2068.6298828125,2093.326904296875,2056.7451171875,2059.1201171875,1459900
2137.75,2137.75,2142.93994140625,2096.889892578125,2097.949951171875,1699000
2225.550048828125,2225.550048828125,2237.31005859375,2151.6201171875,2152.93994140625,2164900
2224.75,2224.75,2237.659912109375,2214.800048828125,2222.5,1353000
2249.679931640625,2249.679931640625,2255.0,2225.330078125,2226.1298828125,1289900
2265.43994140625,2265.43994140625,2284.0048828125,2257.679931640625,2277.9599609375,1358300
2285.8798828125,2285.8798828125,2289.0400390625,2253.714111328125,2256.699951171875,1044400
2254.7900390625,2254.7900390625,2275.320068359375,2238.465087890625,2266.25,1565900
2267.27001953125,2267.27001953125,2277.2099609375,2256.090087890625,2261.469970703125,1165500
2254.840087890625,2254.840087890625,2277.989990234375,2249.18994140625,2275.159912109375,1011000
2296.659912109375,2296.659912109375,2306.596923828125,2266.0,2276.97998046875,1373600
2297.760009765625,2297.760009765625,2306.43994140625,2284.449951171875,2303.0,1129800
2302.39990234375,2302.39990234375,2318.449951171875,2287.844970703125,2291.97998046875,1234400
2293.6298828125,2293.6298828125,2309.60009765625,2271.7099609375,2307.889892578125,1088700
2293.2900390625,2293.2900390625,2295.320068359375,2258.570068359375,2285.25,1196500
2267.919921875,2267.919921875,2303.761962890625,2256.449951171875,2293.22998046875,1054800
2315.300048828125,2315.300048828125,2325.820068359375,2278.2099609375,2283.469970703125,1433500
2326.739990234375,2326.739990234375,2341.260009765625,2313.840087890625,2319.929931640625,1041700
2307.1201171875,2307.1201171875,2337.449951171875,2304.27001953125,2336.0,1598600
2379.909912109375,2379.909912109375,2452.3779296875,2374.85009765625,2407.14501953125,2986400
2429.889892578125,2429.889892578125,2436.52001953125,2402.280029296875,2410.330078125,1977700
2410.1201171875,2410.1201171875,2427.139892578125,2402.159912109375,2404.489990234375,1957100
2395.169921875,2395.169921875,2419.699951171875,2384.5,2402.719970703125,1689400
2354.25,2354.25,2379.260009765625,2311.699951171875,2369.739990234375,1756000
2356.739990234375,2356.739990234375,2382.199951171875,2351.409912109375,2368.419921875,1090300
2381.35009765625,2381.35009765625,2382.7099609375,2342.337890625,2350.639892578125,1030900
2398.68994140625,2398.68994140625,2416.409912109375,2390.0,2400.0,1163600
2341.659912109375,2341.659912109375,2378.0,2334.72998046875,2374.889892578125,1300300
2308.760009765625,2308.760009765625,2322.0,2283.0,2291.860107421875,1605500
2239.080078125,2239.080078125,2285.3701171875,2230.050048828125,2261.7099609375,1746700
2261.969970703125,2261.969970703125,2276.60107421875,2242.719970703125,2261.090087890625,1333500
2316.159912109375,2316.159912109375,2321.139892578125,2283.320068359375,2291.830078125,1331200
2321.409912109375,2321.409912109375,2323.340087890625,2295.0,2309.320068359375,992100
2303.429931640625,2303.429931640625,2343.14990234375,2303.159912109375,2336.906005859375,865100
2308.7099609375,2308.7099609375,2316.760009765625,2263.52001953125,2264.39990234375,967500
2356.090087890625,2356.090087890625,2360.340087890625,2321.090087890625,2328.0400390625,1191600
2345.10009765625,2345.10009765625,2369.0,2342.3701171875,2365.989990234375,1141600
2406.669921875,2406.669921875,2418.47998046875,2360.110107421875,2367.0,1062200
2409.070068359375,2409.070068359375,2432.889892578125,2402.989990234375,2420.0,941900
2433.530029296875,2433.530029296875,2442.944091796875,2412.514892578125,2412.8349609375,1092800
2402.510009765625,2402.510009765625,2440.0,2402.0,2436.93994140625,1948100
2411.56005859375,2411.56005859375,2428.139892578125,2407.68994140625,2421.9599609375,1205400
2429.81005859375,2429.81005859375,2437.970947265625,2404.8798828125,2422.0,958300
2421.280029296875,2421.280029296875,2442.0,2404.199951171875,2435.31005859375,857900
2404.610107421875,2404.610107421875,2409.7451171875,2382.830078125,2395.02001953125,917300
2451.760009765625,2451.760009765625,2453.85888671875,2417.77001953125,2422.52001953125,1297400
2466.090087890625,2466.090087890625,2468.0,2441.072998046875,2451.320068359375,1192500
2482.85009765625,2482.85009765625,2494.4951171875,2468.239990234375,2479.89990234375,1253000
2491.39990234375,2491.39990234375,2505.0,2487.330078125,2499.5,1006300
2521.60009765625,2521.60009765625,2523.260009765625,2494.0,2494.010009765625,1561700
2513.929931640625,2513.929931640625,2526.989990234375,2498.2900390625,2524.919921875,1262000
2527.0400390625,2527.0400390625,2528.22998046875,2500.93994140625,2513.389892578125,1127500
2520.659912109375,2520.659912109375,2537.239990234375,2512.969970703125,2530.43994140625,1109100
2513.929931640625,2513.929931640625,2530.469970703125,2482.9990234375,2524.949951171875,1315800
2527.419921875,2527.419921875,2543.929931640625,2510.300048828125,2510.4599609375,1287800
2511.35009765625,2511.35009765625,2527.780029296875,2492.06005859375,2514.110107421875,2665300
2529.10009765625,2529.10009765625,2540.735107421875,2502.68505859375,2514.800048828125,1312800
2539.989990234375,2539.989990234375,2545.39990234375,2520.530029296875,2529.0,1049200
2529.22998046875,2529.22998046875,2555.919921875,2525.0400390625,2531.0,984700
2545.639892578125,2545.639892578125,2550.7099609375,2539.199951171875,2541.070068359375,946700
2539.89990234375,2539.89990234375,2550.10009765625,2528.8798828125,2539.139892578125,1674200
2536.389892578125,2536.389892578125,2546.739990234375,2519.47607421875,2540.0,1405500
2520.3701171875,2520.3701171875,2540.0,2508.739990234375,2535.449951171875,1047500
2506.320068359375,2506.320068359375,2516.0,2495.14990234375,2513.071044921875,1200300
2527.3701171875,2527.3701171875,2529.25,2496.9951171875,2496.9951171875,856000
2574.3798828125,2574.3798828125,2576.9599609375,2535.3798828125,2536.7900390625,1058000
2595.419921875,2595.419921875,2597.68994140625,2568.179931640625,2588.989990234375,1067500
2601.550048828125,2601.550048828125,2612.798095703125,2595.199951171875,2606.820068359375,834000
2583.5400390625,2583.5400390625,2600.64990234375,2560.800048828125,2565.0,989000
2591.489990234375,2591.489990234375,2596.989990234375,2578.8701171875,2578.889892578125,755300
2611.280029296875,2611.280029296875,2615.39990234375,2592.0,2596.669921875,847200
2619.889892578125,2619.889892578125,2640.840087890625,2612.739990234375,2617.6298828125,830900
2641.64990234375,2641.64990234375,2659.919921875,2637.9599609375,2638.030029296875,895600
2625.330078125,2625.330078125,2651.89990234375,2611.9599609375,2650.0,829300
2636.909912109375,2636.909912109375,2643.659912109375,2616.429931640625,2632.820068359375,742800
2585.080078125,2585.080078125,2624.93994140625,2570.739990234375,2623.110107421875,1285500
2622.030029296875,2622.030029296875,2640.027099609375,2583.76806640625,2600.080078125,954200
2652.010009765625,2652.010009765625,2652.344970703125,2612.030029296875,2615.739990234375,737100
2666.570068359375,2666.570068359375,2670.090087890625,2648.0,2653.0,680400
2756.320068359375,2756.320068359375,2776.169921875,2694.010009765625,2705.199951171875,1318900
2792.889892578125,2792.889892578125,2794.260009765625,2753.02001953125,2765.0,1152600
2735.929931640625,2735.929931640625,2800.219970703125,2702.0,2800.219970703125,2108200
2727.6298828125,2727.6298828125,2793.52001953125,2727.0,2771.239990234375,2734400
2730.81005859375,2730.81005859375,2743.030029296875,2722.760009765625,2727.612060546875,964200
2704.419921875,2704.419921875,2715.427001953125,2696.283935546875,2710.219970703125,1196600
2719.7900390625,2719.7900390625,2720.409912109375,2693.389892578125,2709.68994140625,1007000
2725.60009765625,2725.60009765625,2726.7099609375,2683.669921875,2720.0,953200
2720.570068359375,2720.570068359375,2730.760009765625,2708.300048828125,2724.989990234375,826400
2738.800048828125,2738.800048828125,2739.0,2712.0,2720.570068359375,593300
2740.719970703125,2740.719970703125,2741.60107421875,2720.929931640625,2725.89990234375,678000
2760.0400390625,2760.0400390625,2766.429931640625,2728.574951171875,2738.97998046875,618700
2761.929931640625,2761.929931640625,2771.030029296875,2744.530029296875,2761.590087890625,801700
2753.7900390625,2753.7900390625,2776.955078125,2747.0,2765.659912109375,760200
2767.7900390625,2767.7900390625,2768.360107421875,2735.580078125,2754.260009765625,732300
2768.1201171875,2768.1201171875,2773.47998046875,2760.10009765625,2767.14990234375,628600
2778.320068359375,2778.320068359375,2779.81005859375,2723.31494140625,2760.0,902000
2746.010009765625,2746.010009765625,2774.3701171875,2735.75,2763.820068359375,1063600
2731.39990234375,2731.39990234375,2765.8798828125,2728.419921875,2742.31005859375,746700
2738.27001953125,2738.27001953125,2749.0400390625,2707.1201171875,2709.35009765625,914800
2768.739990234375,2768.739990234375,2772.2900390625,2729.340087890625,2741.659912109375,778200
2821.989990234375,2821.989990234375,2843.5400390625,2774.958984375,2779.969970703125,1054500
2847.969970703125,2847.969970703125,2860.14990234375,2827.070068359375,2830.8701171875,756300
2859.0,2859.0,2866.260009765625,2848.7900390625,2857.659912109375,641900
2842.4599609375,2842.4599609375,2862.696044921875,2841.830078125,2852.3701171875,746100
2891.010009765625,2891.010009765625,2900.219970703125,2840.39990234375,2842.25,1228100
2909.389892578125,2909.389892578125,2929.7900390625,2892.0,2894.090087890625,845800
2909.239990234375,2909.239990234375,2922.239990234375,2900.0,2917.68994140625,1337800
2916.840087890625,2916.840087890625,2936.409912109375,2912.2900390625,2913.0,791200
2884.3798828125,2884.3798828125,2926.5,2882.1298828125,2918.989990234375,1092200
2895.5,2895.5,2907.5400390625,2870.10009765625,2882.919921875,955200
2910.3798828125,2910.3798828125,2916.47998046875,2890.820068359375,2894.989990234375,758500
2897.669921875,2897.669921875,2911.02001953125,2884.0,2907.8701171875,774300
2898.27001953125,2898.27001953125,2913.389892578125,2888.679931640625,2897.669921875,739900
2838.419921875,2838.419921875,2920.3798828125,2834.830078125,2908.8701171875,1643500
2869.300048828125,2869.300048828125,2883.820068359375,2845.64990234375,2864.02001953125,1008800
2868.1201171875,2868.1201171875,2894.550048828125,2858.110107421875,2883.219970703125,945800
2904.1201171875,2904.1201171875,2911.6298828125,2845.1201171875,2875.179931640625,1032400
2887.469970703125,2887.469970703125,2904.0,2868.326904296875,2902.419921875,1014600
2829.27001953125,2829.27001953125,2884.989990234375,2821.22998046875,2875.969970703125,2929500
